ref_mOTU_v3_12226	999898 Peptococcaceae bacterium CEB3	999898 Peptococcaceae bacterium CEB3
ref_mOTU_v3_01349	1304 Streptococcus salivarius	1304 Streptococcus salivarius [Streptococcus salivarius/Streptococcus sp. HSISS2/Streptococcus sp. HSISS3/Streptococcus sp. C150]
ref_mOTU_v3_00900	NA Streptococcus sp.	NA Streptococcus sp. [Streptococcus equinus/Streptococcus pasteurianus/Streptococcus gallolyticus/Streptococcus macedonicus]
ref_mOTU_v3_01039	1596 Lactobacillus gasseri	1596 Lactobacillus gasseri
ref_mOTU_v3_01099	216816 Bifidobacterium longum	216816 Bifidobacterium longum [Bifidobacterium longum CAG:69/Bifidobacterium longum]
ref_mOTU_v3_01657	818 Bacteroides thetaiotaomicron	818 Bacteroides thetaiotaomicron
